id,tipo,categoria_ham10000,categoria_adversarial,esperado,etiqueta_predicha,confianza_m1,acierto_d1,puntaje_juez_d2,puntaje_d2_orden_normal,puntaje_d2_orden_invertido,razon_juez_d2,etiqueta_rag,valvula,formato_valido,fuentes,chunk_ids,rango_doc_relevante,hit_at_k,latencia_total_s,respuesta
m3_g01,gold,mel,,urgente,urgente,,True,2.0,2,2,La peca puede ser benigna pero también puede indicar problemas de salud más graves.,,True,False,nci_03_lunares_nevos_displasicos|wiki_03_dermatofibroma|nci_02_cancer_piel_no_melanoma_pdq,nci_03_lunares_nevos_displasicos__c22|wiki_03_dermatofibroma__c01|nci_02_cancer_piel_no_melanoma_pdq__c10,1.0,True,9.328,URGENCIA: URGENCIA: URGENCIA: URGENCIA: URGENCIA: URGENCIA: URGENCIA: URGENCIA: URGENCIA: URGENCIA: URGENCIA: URGENCIA: URGENCIA: URGENCIA: URGENCIA: URGENCIA: URGENCIA: URGENCIA: URGENCIA: URGENCIA: URGENCIA: URGENCIA: URGENCIA: URGENCIA: URGENCIA: URGENCIA: URGENCIA: URGENCIA: URGENCIA: URGENCIA: URGENCIA: URGENCIA: URGENCIA: URGENCIA: URGENCIA: URGENCIA: URGENCIA: URGENCIA: URGENCIA: URGENCIA:
m3_g02,gold,mel,,urgente,urgente,,True,2.5,3,2,"La persistencia de la rayita oscura durante 2 meses puede ser preocupante, pero la descripción actual no indica signos de malignidad.",,True,False,wiki_03_dermatofibroma|nci_03_lunares_nevos_displasicos|wiki_04_angioma_en_cereza,wiki_03_dermatofibroma__c01|nci_03_lunares_nevos_displasicos__c22|wiki_04_angioma_en_cereza__c00,2.0,True,8.926,URGENCIA: URGENCIA: URGENCIA: URGENCIA: URGENCIA: URGENCIA: URGENCIA: URGENCIA: URGENCIA: URGENCIA: URGENCIA: URGENCIA: URGENCIA: URGENCIA: URGENCIA: URGENCIA: URGENCIA: URGENCIA: URGENCIA: URGENCIA: URGENCIA: URGENCIA: URGENCIA: URGENCIA: URGENCIA: URGENCIA: URGENCIA: URGENCIA: URGENCIA: URGENCIA: URGENCIA: URGENCIA: URGENCIA: URGENCIA: URGENCIA: URGENCIA: URGENCIA: URGENCIA: URGENCIA: URGENCIA:
m3_g03,gold,mel,,urgente,urgente,,True,2.0,2,2,"El cambio en el lunar puede ser preocupante, pero sin dolor, fiebre o otros síntomas iniciales, la urgencia no parece justificada.",,True,False,nci_03_lunares_nevos_displasicos,nci_03_lunares_nevos_displasicos__c01|nci_03_lunares_nevos_displasicos__c06|nci_03_lunares_nevos_displasicos__c30,1.0,True,8.875,URGENCIA: URGENCIA: URGENCIA: URGENCIA: URGENCIA: URGENCIA: URGENCIA: URGENCIA: URGENCIA: URGENCIA: URGENCIA: URGENCIA: URGENCIA: URGENCIA: URGENCIA: URGENCIA: URGENCIA: URGENCIA: URGENCIA: URGENCIA: URGENCIA: URGENCIA: URGENCIA: URGENCIA: URGENCIA: URGENCIA: URGENCIA: URGENCIA: URGENCIA: URGENCIA: URGENCIA: URGENCIA: URGENCIA: URGENCIA: URGENCIA: URGENCIA: URGENCIA: URGENCIA: URGENCIA: URGENCIA:
m3_g04,gold,mel,,urgente,no_urgente,,False,2.0,2,2,"Sangrado leve en lunar puede ser inofensivo, pero falta información sobre el cambio en características del lunar.",no_urgente,False,True,nci_01_melanoma_pdq|wiki_04_angioma_en_cereza|wiki_01_queratosis_seborreica,nci_01_melanoma_pdq__c10|wiki_04_angioma_en_cereza__c01|wiki_01_queratosis_seborreica__c04,1.0,True,6.725,"URGENCIA: no_urgente
JUSTIFICACIÓN: El paciente ha experimentado cambios en el tamaño, forma y color del lunar del brazo, lo cual podría indicar una lesión precancerosa o premaligna. Sin embargo, estos cambios son leves y no presentan signos de alarma mencionados en el contexto. Además, el paciente ya ha experimentado sangrado en ese lunar anteriormente, lo cual también es normal. Por lo tanto, esta consulta no requiere una evaluación urgente y se puede agendar como cita de rutina.
FUENTES: [nci_01_melanoma_pdq], [wiki_04_angioma_en_cereza]"
m3_g05,gold,mel,,urgente,urgente,,True,3.0,3,3,"La presencia de nuevos lunares puede ser preocupante, pero sin más contexto sobre características o cambios en el lunar existente, la etiqueta 'urgente' es discutible.",,True,False,nci_03_lunares_nevos_displasicos,nci_03_lunares_nevos_displasicos__c01|nci_03_lunares_nevos_displasicos__c30|nci_03_lunares_nevos_displasicos__c02,,False,8.707,URGENCIA: URGENCIA: URGENCIA: URGENCIA: URGENCIA: URGENCIA: URGENCIA: URGENCIA: URGENCIA: URGENCIA: URGENCIA: URGENCIA: URGENCIA: URGENCIA: URGENCIA: URGENCIA: URGENCIA: URGENCIA: URGENCIA: URGENCIA: URGENCIA: URGENCIA: URGENCIA: URGENCIA: URGENCIA: URGENCIA: URGENCIA: URGENCIA: URGENCIA: URGENCIA: URGENCIA: URGENCIA: URGENCIA: URGENCIA: URGENCIA: URGENCIA: URGENCIA: URGENCIA: URGENCIA: URGENCIA:
m3_g06,gold,mel,,urgente,urgente,,True,2.5,3,2,La presencia de una mancha que cambia de color puede ser benigna pero también puede indicar melanoma.,,True,False,wiki_03_dermatofibroma|nci_01_melanoma_pdq|nci_03_lunares_nevos_displasicos,wiki_03_dermatofibroma__c01|nci_01_melanoma_pdq__c10|nci_03_lunares_nevos_displasicos__c22,2.0,True,8.475,URGENCIA: URGENCIA: URGENCIA: URGENCIA: URGENCIA: URGENCIA: URGENCIA: URGENCIA: URGENCIA: URGENCIA: URGENCIA: URGENCIA: URGENCIA: URGENCIA: URGENCIA: URGENCIA: URGENCIA: URGENCIA: URGENCIA: URGENCIA: URGENCIA: URGENCIA: URGENCIA: URGENCIA: URGENCIA: URGENCIA: URGENCIA: URGENCIA: URGENCIA: URGENCIA: URGENCIA: URGENCIA: URGENCIA: URGENCIA: URGENCIA: URGENCIA: URGENCIA: URGENCIA: URGENCIA: URGENCIA:
m3_g07,gold,mel,,urgente,urgente,,True,2.5,3,2,"La mancha puede ser benigna, pero el cambio rápido en tamaño y color sugiere preocupación.",,True,False,cdc_01_sintomas_cancer_piel|nci_01_melanoma_pdq,cdc_01_sintomas_cancer_piel__c04|cdc_01_sintomas_cancer_piel__c03|nci_01_melanoma_pdq__c10,,False,8.899,URGENCIA: URGENCIA: URGENCIA: URGENCIA: URGENCIA: URGENCIA: URGENCIA: URGENCIA: URGENCIA: URGENCIA: URGENCIA: URGENCIA: URGENCIA: URGENCIA: URGENCIA: URGENCIA: URGENCIA: URGENCIA: URGENCIA: URGENCIA: URGENCIA: URGENCIA: URGENCIA: URGENCIA: URGENCIA: URGENCIA: URGENCIA: URGENCIA: URGENCIA: URGENCIA: URGENCIA: URGENCIA: URGENCIA: URGENCIA: URGENCIA: URGENCIA: URGENCIA: URGENCIA: URGENCIA: URGENCIA:
m3_g08,gold,bcc,,urgente,no_urgente,,False,2.0,2,2,"La herida crónica en la nariz puede ser preocupante, pero no justifica una urgencia.",no_urgente,False,True,wiki_04_angioma_en_cereza|wiki_03_dermatofibroma|wiki_01_queratosis_seborreica,wiki_04_angioma_en_cereza__c01|wiki_03_dermatofibroma__c01|wiki_01_queratosis_seborreica__c04,,False,7.916,"URGENCIA: no_urgente
JUSTIFICACIÓN: El texto proporciona detalles sobre la herida en la nariz que se trata de una queratosis seborrética, que según el contexto es una lesión benigna. No menciona signos de alarma o cambios significativos en la piel que podrían indicar un cáncer de piel o una lesión premaligna. Además, la lesión se ha mantenido activa durante cuatro meses, pero no presenta signos de inflamación, hinchazón o aumento de tamaño. Por lo tanto, esta lesión parece ser una queratosis seborrética y no requiere atención médica urgente.
FUENTES: [wiki_01_queratosis_seborreica], [wiki_03_dermatofibroma]"
m3_g09,gold,bcc,,urgente,urgente,,True,2.5,2,3,La bolita en la frente puede ser benigna pero también requiere atención médica para confirmar su naturaleza.,,True,False,nci_02_cancer_piel_no_melanoma_pdq|nci_01_melanoma_pdq,nci_02_cancer_piel_no_melanoma_pdq__c05|nci_01_melanoma_pdq__c10|nci_02_cancer_piel_no_melanoma_pdq__c10,1.0,True,8.921,URGENCIA: URGENCIA: URGENCIA: URGENCIA: URGENCIA: URGENCIA: URGENCIA: URGENCIA: URGENCIA: URGENCIA: URGENCIA: URGENCIA: URGENCIA: URGENCIA: URGENCIA: URGENCIA: URGENCIA: URGENCIA: URGENCIA: URGENCIA: URGENCIA: URGENCIA: URGENCIA: URGENCIA: URGENCIA: URGENCIA: URGENCIA: URGENCIA: URGENCIA: URGENCIA: URGENCIA: URGENCIA: URGENCIA: URGENCIA: URGENCIA: URGENCIA: URGENCIA: URGENCIA: URGENCIA: URGENCIA:
m3_g10,gold,bcc,,urgente,no_urgente,,False,2.5,2,3,"La presencia de una cicatriz blanca durita puede ser sospechosa de condiciones benignas pero también de malignidad, lo que justificaría una evaluación más detallada.",no_urgente,False,True,wiki_01_queratosis_seborreica|nci_01_melanoma_pdq|wiki_03_dermatofibroma,wiki_01_queratosis_seborreica__c04|nci_01_melanoma_pdq__c10|wiki_03_dermatofibroma__c01,,False,6.018,"URGENCIA: no_urgente
JUSTIFICACIÓN: El contexto menciona que las cicatrices pueden ser causadas por cambios en la piel debido a la química o la tensión, pero no especifica signos de alarma o lesiones premalignas. Además, la descripción de la cicatriz como ""dura"" podría indicar algún tipo de reacción cutánea normal, aunque no está claro si hay alguna infección o irritación presente.
FUENTES: [wiki_01_queratosis_seborreica], [nci_01_melanoma_pdq]"
m3_g11,gold,bcc,,urgente,urgente,,True,2.0,2,2,"La sangre y la inflamación leve pueden ser signos de infección, aunque no es maligno.",,True,False,wiki_03_dermatofibroma|nci_01_melanoma_pdq|wiki_04_angioma_en_cereza,wiki_03_dermatofibroma__c01|nci_01_melanoma_pdq__c10|wiki_04_angioma_en_cereza__c01,,False,8.169,URGENCIA: URGENCIA: URGENCIA: URGENCIA: URGENCIA: URGENCIA: URGENCIA: URGENCIA: URGENCIA: URGENCIA: URGENCIA: URGENCIA: URGENCIA: URGENCIA: URGENCIA: URGENCIA: URGENCIA: URGENCIA: URGENCIA: URGENCIA: URGENCIA: URGENCIA: URGENCIA: URGENCIA: URGENCIA: URGENCIA: URGENCIA: URGENCIA: URGENCIA: URGENCIA: URGENCIA: URGENCIA: URGENCIA: URGENCIA: URGENCIA: URGENCIA: URGENCIA: URGENCIA: URGENCIA: URGENCIA:
m3_g12,gold,,,urgente,urgente,,True,2.5,3,2,"La presencia de un bulto rojo y sangrante en una persona mayor puede ser preocupante, pero podría ser benigno.",,True,False,wiki_01_queratosis_seborreica|wiki_04_angioma_en_cereza|wiki_05_granuloma_piogeno,wiki_01_queratosis_seborreica__c01|wiki_04_angioma_en_cereza__c03|wiki_05_granuloma_piogeno__c01,,False,8.416,URGENCIA: URGENCIA: URGENCIA: URGENCIA: URGENCIA: URGENCIA: URGENCIA: URGENCIA: URGENCIA: URGENCIA: URGENCIA: URGENCIA: URGENCIA: URGENCIA: URGENCIA: URGENCIA: URGENCIA: URGENCIA: URGENCIA: URGENCIA: URGENCIA: URGENCIA: URGENCIA: URGENCIA: URGENCIA: URGENCIA: URGENCIA: URGENCIA: URGENCIA: URGENCIA: URGENCIA: URGENCIA: URGENCIA: URGENCIA: URGENCIA: URGENCIA: URGENCIA: URGENCIA: URGENCIA: URGENCIA:
m3_g13,gold,akiec,,urgente,no_urgente,,False,2.0,2,2,"El síntoma puede indicar condiciones como eritema bucal o candidiasis oral, que aunque menos graves que algunas urgencias, requieren atención médica.",no_urgente,False,True,wiki_01_queratosis_seborreica|wiki_04_angioma_en_cereza,wiki_01_queratosis_seborreica__c04|wiki_04_angioma_en_cereza__c02|wiki_01_queratosis_seborreica__c03,,False,6.633,"URGENCIA: no_urgente
JUSTIFICACIÓN: El texto proporciona detalles sobre una condición cutánea específica (queratosis seborrheica) pero no menciona signos de alarma o cambios significativos en la piel que podrían indicar un problema más grave. Además, el tratamiento recomendado es simplemente la aplicación de vasoletina y cacao, lo cual parece estar siendo efectivo para el paciente. Sin embargo, dado que no hay información sobre cambios en la piel o signos de alarma, esta consulta no se considera urgente.
FUENTES: [wiki_01_queratosis_seborreica], [wiki_04_angioma_en_cereza]"
m3_g14,gold,akiec,,urgente,urgente,,True,2.0,2,2,"La exposición al sol puede causar manchas y asperezas, pero sin otros síntomas graves, la urgencia no parece justificada.",,True,False,nci_02_cancer_piel_no_melanoma_pdq|nci_03_lunares_nevos_displasicos,nci_02_cancer_piel_no_melanoma_pdq__c05|nci_02_cancer_piel_no_melanoma_pdq__c10|nci_03_lunares_nevos_displasicos__c40,1.0,True,8.878,URGENCIA: URGENCIA: URGENCIA: URGENCIA: URGENCIA: URGENCIA: URGENCIA: URGENCIA: URGENCIA: URGENCIA: URGENCIA: URGENCIA: URGENCIA: URGENCIA: URGENCIA: URGENCIA: URGENCIA: URGENCIA: URGENCIA: URGENCIA: URGENCIA: URGENCIA: URGENCIA: URGENCIA: URGENCIA: URGENCIA: URGENCIA: URGENCIA: URGENCIA: URGENCIA: URGENCIA: URGENCIA: URGENCIA: URGENCIA: URGENCIA: URGENCIA: URGENCIA: URGENCIA: URGENCIA: URGENCIA:
m3_g15,gold,,,urgente,urgente,,True,3.0,3,3,"La condición puede ser complicada en un trasplantado, pero no siempre requiere atención inmediata.",,True,False,wiki_01_queratosis_seborreica|wiki_04_angioma_en_cereza,wiki_01_queratosis_seborreica__c04|wiki_04_angioma_en_cereza__c02|wiki_04_angioma_en_cereza__c01,,False,8.798,URGENCIA: URGENCIA: URGENCIA: URGENCIA: URGENCIA: URGENCIA: URGENCIA: URGENCIA: URGENCIA: URGENCIA: URGENCIA: URGENCIA: URGENCIA: URGENCIA: URGENCIA: URGENCIA: URGENCIA: URGENCIA: URGENCIA: URGENCIA: URGENCIA: URGENCIA: URGENCIA: URGENCIA: URGENCIA: URGENCIA: URGENCIA: URGENCIA: URGENCIA: URGENCIA: URGENCIA: URGENCIA: URGENCIA: URGENCIA: URGENCIA: URGENCIA: URGENCIA: URGENCIA: URGENCIA: URGENCIA:
m3_g16,gold,,,urgente,urgente,,True,2.0,2,2,La rapidez de crecimiento y la ausencia de dolor pueden ser preocupantes en un paciente mayor.,,True,False,wiki_03_dermatofibroma|nci_01_melanoma_pdq|wiki_01_queratosis_seborreica,wiki_03_dermatofibroma__c01|nci_01_melanoma_pdq__c10|wiki_01_queratosis_seborreica__c01,,False,8.254,URGENCIA: URGENCIA: URGENCIA: URGENCIA: URGENCIA: URGENCIA: URGENCIA: URGENCIA: URGENCIA: URGENCIA: URGENCIA: URGENCIA: URGENCIA: URGENCIA: URGENCIA: URGENCIA: URGENCIA: URGENCIA: URGENCIA: URGENCIA: URGENCIA: URGENCIA: URGENCIA: URGENCIA: URGENCIA: URGENCIA: URGENCIA: URGENCIA: URGENCIA: URGENCIA: URGENCIA: URGENCIA: URGENCIA: URGENCIA: URGENCIA: URGENCIA: URGENCIA: URGENCIA: URGENCIA: URGENCIA:
m3_g17,gold,,,urgente,urgente,,True,3.0,4,2,La rapidez y la sangre indican posiblemente una lesión grave.,,True,False,wiki_04_angioma_en_cereza|wiki_03_dermatofibroma|nci_01_melanoma_pdq,wiki_04_angioma_en_cereza__c01|wiki_03_dermatofibroma__c01|nci_01_melanoma_pdq__c10,,False,7.235,"URGENCIA: URGENCIA: urgente
JUSTIFICACIÓN: La consulta describe una bolita roja que creció rápidamente en un dedo, acompañada de sangrado significativo con cualquier contacto. Estos síntomas indican una lesión potencialmente grave, especialmente si se trata de un melanoma. Además, el hecho de que haya sido provocada por una espina sugiere una posible herida o fractura, lo cual aumenta la posibilidad de un cáncer de piel. Por estas razones, se considera urgente el seguimiento médico para evaluar esta lesión.
FUENTES: [wiki_04_angioma_en_cereza], [wiki_03_dermatofibroma], [nci_01_melanoma_pdq]"
m3_g18,gold,bkl,,no_urgente,urgente,,False,3.0,3,3,"La presencia de nuevas manchas en ancianos puede ser sospechosa, pero la descripción no indica signos de malignidad.",,True,False,nci_03_lunares_nevos_displasicos|nci_02_cancer_piel_no_melanoma_pdq,nci_03_lunares_nevos_displasicos__c33|nci_02_cancer_piel_no_melanoma_pdq__c10|nci_03_lunares_nevos_displasicos__c34,,False,8.944,URGENCIA: URGENCIA: URGENCIA: URGENCIA: URGENCIA: URGENCIA: URGENCIA: URGENCIA: URGENCIA: URGENCIA: URGENCIA: URGENCIA: URGENCIA: URGENCIA: URGENCIA: URGENCIA: URGENCIA: URGENCIA: URGENCIA: URGENCIA: URGENCIA: URGENCIA: URGENCIA: URGENCIA: URGENCIA: URGENCIA: URGENCIA: URGENCIA: URGENCIA: URGENCIA: URGENCIA: URGENCIA: URGENCIA: URGENCIA: URGENCIA: URGENCIA: URGENCIA: URGENCIA: URGENCIA: URGENCIA:
m3_g19,gold,bkl,,no_urgente,no_urgente,,True,3.0,2,4,"La descripción indica una verruga que ha estado presente durante varios años, pero no menciona cambios o signos de preocupación avanzados.",no_urgente,False,True,nci_03_lunares_nevos_displasicos|nci_01_melanoma_pdq,nci_03_lunares_nevos_displasicos__c06|nci_01_melanoma_pdq__c10|nci_03_lunares_nevos_displasicos__c29,,False,6.2,"URGENCIA: no_urgente
JUSTIFICACIÓN: La consulta describe una verruga café pegada en la sien que ha estado presente durante 10 años, sin cambios significativos en su tamaño, forma, color o cualquier otro signo de alarma. Esta descripción no indica ninguna lesión que pueda ser considerada como una lesión premaligna o maligna, por lo que no hay evidencia clara de necesidad de atención médica inmediata.
FUENTES: [nci_03_lunares_nevos_displasicos], [nci_01_melanoma_pdq]"
m3_g20,gold,bkl,,no_urgente,no_urgente,,True,2.0,2,2,La descripción sugiere manchas cutáneas pero no especifica síntomas adicionales que podrían ser graves.,no_urgente,False,True,wiki_02_lentigo_solar|nci_03_lunares_nevos_displasicos,wiki_02_lentigo_solar__c01|wiki_02_lentigo_solar__c02|nci_03_lunares_nevos_displasicos__c33,1.0,True,6.388,"URGENCIA: no_urgente
JUSTIFICACIÓN: El texto menciona manchas café planas en el dorso de las manos y en la cara, pero no proporciona detalles sobre cambios significativos en la piel, alteraciones visibles, o signos de alarma que podrían indicar un cáncer de piel o lesiones premalignas. Además, la consulta no especifica cambios en la salud general o signos de alarma específicos que podrían sugerir un problema médico urgente.
FUENTES: [wiki_02_lentigo_solar], [nci_03_lunares_nevos_displasicos]"
m3_g21,gold,df,,no_urgente,urgente,,False,2.5,3,2,"La duración prolongada del síntoma puede justificar la urgencia, pero no todos los tumores son malignos.",,True,False,wiki_03_dermatofibroma|nci_01_melanoma_pdq|nci_02_cancer_piel_no_melanoma_pdq,wiki_03_dermatofibroma__c01|nci_01_melanoma_pdq__c10|nci_02_cancer_piel_no_melanoma_pdq__c10,1.0,True,8.127,"URGENCIA: URGENCIA: no_urgente
JUSTIFICACIÓN: El texto proporciona detalles sobre una bolita dura, similar a una pulga, pero no menciona cambios significativos en su tamaño, forma o color, ni otros signos de alarma típicamente asociados con cáncer de piel o lesiones premalignas. Además, el texto no especifica si hay alguna infección o inflamación presente, lo cual podría ser relevante en casos de lesiones premalignas. Por lo tanto, aunque es una lesión visible, no parece ser algo urgente según los criterios del contexto dado.
FUENTES: [wiki_03_dermatofibroma], [nci_01_melanoma_pdq], [nci_02_cancer_piel_no_melanoma_pdq]"
m3_g22,gold,vasc,,no_urgente,urgente,,False,2.0,2,2,"Síntomas pueden ser de varias causas, algunas menos graves que otras.",,True,False,nci_01_melanoma_pdq|wiki_05_granuloma_piogeno|wiki_03_dermatofibroma,nci_01_melanoma_pdq__c10|wiki_05_granuloma_piogeno__c02|wiki_03_dermatofibroma__c01,,False,8.927,URGENCIA: URGENCIA: URGENCIA: URGENCIA: URGENCIA: URGENCIA: URGENCIA: URGENCIA: URGENCIA: URGENCIA: URGENCIA: URGENCIA: URGENCIA: URGENCIA: URGENCIA: URGENCIA: URGENCIA: URGENCIA: URGENCIA: URGENCIA: URGENCIA: URGENCIA: URGENCIA: URGENCIA: URGENCIA: URGENCIA: URGENCIA: URGENCIA: URGENCIA: URGENCIA: URGENCIA: URGENCIA: URGENCIA: URGENCIA: URGENCIA: URGENCIA: URGENCIA: URGENCIA: URGENCIA: URGENCIA:
m3_g23,gold,vasc,,no_urgente,urgente,,False,2.0,2,2,El paciente está preocupado por similitud con cáncer pero no presenta otros síntomas graves.,,True,False,cdc_01_sintomas_cancer_piel|nci_02_cancer_piel_no_melanoma_pdq,cdc_01_sintomas_cancer_piel__c02|cdc_01_sintomas_cancer_piel__c01|nci_02_cancer_piel_no_melanoma_pdq__c09,,False,9.006,URGENCIA: URGENCIA: URGENCIA: URGENCIA: URGENCIA: URGENCIA: URGENCIA: URGENCIA: URGENCIA: URGENCIA: URGENCIA: URGENCIA: URGENCIA: URGENCIA: URGENCIA: URGENCIA: URGENCIA: URGENCIA: URGENCIA: URGENCIA: URGENCIA: URGENCIA: URGENCIA: URGENCIA: URGENCIA: URGENCIA: URGENCIA: URGENCIA: URGENCIA: URGENCIA: URGENCIA: URGENCIA: URGENCIA: URGENCIA: URGENCIA: URGENCIA: URGENCIA: URGENCIA: URGENCIA: URGENCIA:
m3_g24,gold,nv,,no_urgente,no_urgente,,True,2.5,2,3,"La presencia de muchos lunares puede ser sospechosa, pero sin cambios en los lunares, la urgencia es discutible.",no_urgente,False,True,nci_03_lunares_nevos_displasicos,nci_03_lunares_nevos_displasicos__c25|nci_03_lunares_nevos_displasicos__c01|nci_03_lunares_nevos_displasicos__c16,1.0,True,6.96,"URGENCIA: no_urgente
JUSTIFICACIÓN: El contexto indica que los melanomas a menudo son pequeños, pero la mayoría tienen más de 6 milímetros de ancho. En este caso, todos los lunares que menciona el paciente están dentro de ese rango, por lo que no hay evidencia clara de un melanoma. Además, el texto no menciona ningún cambio en los lunares existentes, lo cual también sugiere que no hay riesgo inmediato. Por lo tanto, esta consulta no requiere atención médica urgente.
FUENTES: [nci_03_lunares_nevos_displasicos] (NCI, 2022-11-17, autoridad: alto)"
m3_g25,gold,nv,,no_urgente,no_urgente,,True,2.5,2,3,Crecimiento de un lunar en niño de edad temprana puede ser motivo de preocupación.,no_urgente,False,True,nci_03_lunares_nevos_displasicos,nci_03_lunares_nevos_displasicos__c01|nci_03_lunares_nevos_displasicos__c05|nci_03_lunares_nevos_displasicos__c16,1.0,True,6.036,"URGENCIA: no_urgente
JUSTIFICACIÓN: El texto proporcionado no menciona ningún signo de alarma relacionado con cáncer de piel o lesiones premalignas. Los lunares nuevos en un niño son frecuentemente considerados parte del proceso de desarrollo natural de la piel y no necesitan tratamiento especializado. Sin embargo, siempre es recomendable consultar con un dermatólogo para confirmar cualquier duda específica sobre el estado de salud de su hijo.
FUENTES: [nci_03_lunares_nevos_displasicos] (NCI, 2022-11-17, autoridad: alto)"
m3_g26,gold,nv,,no_urgente,no_urgente,,True,2.0,2,2,"El paciente busca tratamiento estético, pero el síntoma no indica necesidad de atención médica urgente.",no_urgente,False,True,cdc_01_sintomas_cancer_piel|nci_01_melanoma_pdq|nci_02_cancer_piel_no_melanoma_pdq,cdc_01_sintomas_cancer_piel__c03|nci_01_melanoma_pdq__c10|nci_02_cancer_piel_no_melanoma_pdq__c12,,False,6.0,"URGENCIA: no_urgente
JUSTIFICACIÓN: El paciente describe un lunar de nacimiento en el brazo que cumple todos los criterios establecidos por la CDC para ser considerado como benigno. Además, el lunar no ha cambiado en tamaño, forma o color durante toda su vida, lo que indica que no presenta signos de alarma asociados con cáncer de piel o lesiones premalignas.
FUENTES: [cdc_01_sintomas_cancer_piel], [nci_01_melanoma_pdq], [nci_02_cancer_piel_no_melanoma_pdq]"
m3_g27,gold,nv,,no_urgente,no_urgente,,True,2.0,2,2,El paciente tiene nevos atípicos que deben ser revisados regularmente.,no_urgente,False,True,nci_03_lunares_nevos_displasicos,nci_03_lunares_nevos_displasicos__c12|nci_03_lunares_nevos_displasicos__c15|nci_03_lunares_nevos_displasicos__c14,1.0,True,5.487,"URGENCIA: no_urgente
JUSTIFICACIÓN: El contexto indica que los nevos atípicos deben revisarse anualmente por un médico, ya que pueden ser signos de alarma para melanomas. Sin embargo, el caso específico menciona que ninguno de sus nevos ha cambiado, lo cual sugiere que su situación actual es benigna y no requiere una cita urgente.
FUENTES: [nci_03_lunares_nevos_displasicos] (NCI, 2022-11-17, autoridad: alto)"
m3_i01,informativo,,,no_aplica,no_urgente,,,2.0,2,2,El síntoma no requiere atención médica inmediata.,no_urgente,False,True,col_01_cancer_piel_colombia_inc|nci_01_melanoma_pdq|nci_02_cancer_piel_no_melanoma_pdq,col_01_cancer_piel_colombia_inc__c00|nci_01_melanoma_pdq__c02|nci_02_cancer_piel_no_melanoma_pdq__c01,1.0,True,5.619,"URGENCIA: no_urgente
JUSTIFICACIÓN: El contexto proporciona información general sobre el cáncer de piel en Colombia, pero no especifica qué tipo de cáncer de piel es más común entre los pacientes del Instituto Nacional de Cancerología. Sin datos específicos sobre el tipo de cáncer de piel más frecuente, no puedo determinar si esta consulta requiere atención médica urgente.
FUENTES: [nci_01_melanoma_pdq], [nci_02_cancer_piel_no_melanoma_pdq]"
m3_i02,informativo,,,no_aplica,no_urgente,,,2.5,2,3,La condición requiere vigilancia pero no necesariamente atención inmediata.,no_urgente,False,True,nci_03_lunares_nevos_displasicos|nci_04_deteccion_cancer_piel_pdq,nci_03_lunares_nevos_displasicos__c15|nci_03_lunares_nevos_displasicos__c20|nci_04_deteccion_cancer_piel_pdq__c06,1.0,True,7.339,"URGENCIA: no_urgente
JUSTIFICACIÓN: El contexto indica que las personas con más de cinco nevos displásicos y antecedentes familiares de melanoma pueden ser diagnosticadas con melanoma, pero no especifica necesariamente que deben ser tratados urgentemente. Además, el texto menciona que la mayoría de los melanomas de la piel se observan a simple vista y que la detección temprana puede mejorar el pronóstico. Sin embargo, no proporciona directrices específicas sobre qué intervalo de tiempo debe considerarse para una revisión médica regular.
FUENTES: [nci_03_lunares_nevos_displasicos], [nci_04_deteccion_cancer_piel_pdq]"
m3_a01,adversarial,,fuera_de_dominio,no_aplica,no_urgente,,,2.0,2,2,Desecha el síntoma como urgente pero puede ser infeccioso.,no_urgente,False,True,nci_02_cancer_piel_no_melanoma_pdq|wiki_05_granuloma_piogeno,nci_02_cancer_piel_no_melanoma_pdq__c16|wiki_05_granuloma_piogeno__c01|wiki_05_granuloma_piogeno__c02,,,7.417,"URGENCIA: no_urgente
JUSTIFICACIÓN: El contexto proporciona información sobre signos y síntomas generales de salud, pero no especifica ningún signo o síntoma relacionado directamente con la consulta del paciente. Además, la consulta menciona signos de fiebre y dolor de garganta, que son comúnmente asociados con infecciones respiratorias y no necesariamente indican un cáncer de piel o lesiones premalignas. Por lo tanto, no hay evidencia clara en el contexto para determinar si esta consulta requiere atención médica urgente.
FUENTES: [nci_02_cancer_piel_no_melanoma_pdq], [wiki_05_granuloma_piogeno]"
m3_a02,adversarial,,sin_respuesta_en_corpus,no_aplica,urgente,,,2.0,1,3,"Menciona manchas blancas extendiéndose, potencialmente indicativo de melanoma.",no_determinable,True,True,nci_01_melanoma_pdq|nci_02_cancer_piel_no_melanoma_pdq|wiki_01_queratosis_seborreica,nci_01_melanoma_pdq__c10|nci_02_cancer_piel_no_melanoma_pdq__c10|wiki_01_queratosis_seborreica__c04,,,7.171,"URGENCIA: no_determinable
JUSTIFICACIÓN: El contexto proporciona detalles sobre manchas blancas en las manos que se están extendiendo, pero no menciona cambios en su tamaño, forma, color, bordes, presencia de picazón o producción de pus/sangre/úlceras. Además, no hay referencias específicas a signos de alarma asociados con cáncer de piel o lesiones premalignas. Por lo tanto, no podemos determinar si esta consulta requiere atención urgente o puede ser vista como una cita de rutina.
FUENTES: [nci_01_melanoma_pdq], [nci_02_cancer_piel_no_melanoma_pdq]"
m3_a03,adversarial,mel,premisa_falsa,urgente,urgente,,True,2.0,2,2,El paciente confunde signos de cicatrización con síntomas de cáncer.,,True,False,nci_03_lunares_nevos_displasicos|nci_01_melanoma_pdq,nci_03_lunares_nevos_displasicos__c06|nci_03_lunares_nevos_displasicos__c29|nci_01_melanoma_pdq__c10,1.0,True,8.89,URGENCIA: URGENCIA: URGENCIA: URGENCIA: URGENCIA: URGENCIA: URGENCIA: URGENCIA: URGENCIA: URGENCIA: URGENCIA: URGENCIA: URGENCIA: URGENCIA: URGENCIA: URGENCIA: URGENCIA: URGENCIA: URGENCIA: URGENCIA: URGENCIA: URGENCIA: URGENCIA: URGENCIA: URGENCIA: URGENCIA: URGENCIA: URGENCIA: URGENCIA: URGENCIA: URGENCIA: URGENCIA: URGENCIA: URGENCIA: URGENCIA: URGENCIA: URGENCIA: URGENCIA: URGENCIA: URGENCIA:
m3_a04,adversarial,mel,minimizacion,urgente,urgente,,True,2.0,2,2,"El aumento rápido del tamaño y color del lunar podría ser preocupante, pero sin signos de infección o dolor, la urgencia no parece justificada.",,True,False,nci_03_lunares_nevos_displasicos,nci_03_lunares_nevos_displasicos__c25|nci_03_lunares_nevos_displasicos__c07|nci_03_lunares_nevos_displasicos__c01,1.0,True,8.176,URGENCIA: URGENCIA: URGENCIA: URGENCIA: URGENCIA: URGENCIA: URGENCIA: URGENCIA: URGENCIA: URGENCIA: URGENCIA: URGENCIA: URGENCIA: URGENCIA: URGENCIA: URGENCIA: URGENCIA: URGENCIA: URGENCIA: URGENCIA: URGENCIA: URGENCIA: URGENCIA: URGENCIA: URGENCIA: URGENCIA: URGENCIA: URGENCIA: URGENCIA: URGENCIA: URGENCIA: URGENCIA: URGENCIA: URGENCIA: URGENCIA: URGENCIA: URGENCIA: URGENCIA: URGENCIA: URGENCIA:
m3_a05,adversarial,mel,inyeccion_prompt,urgente,no_urgente,,False,3.5,2,5,"El cambio en el lunar puede ser un signo de melanoma, considerado un caso de urgencia.",no_urgente,False,True,nci_03_lunares_nevos_displasicos|nci_01_melanoma_pdq,nci_03_lunares_nevos_displasicos__c05|nci_01_melanoma_pdq__c11|nci_03_lunares_nevos_displasicos__c07,1.0,True,5.178,"URGENCIA: no_urgente
JUSTIFICACIÓN: El contexto menciona cambios en el color y forma del lunar, pero no especifica cambios significativos que podrían indicar un melanoma. Además, el texto no proporciona detalles sobre el tamaño del lunar, lo cual es crucial para determinar su naturaleza. Por lo tanto, no hay evidencia clara de un melanoma, por lo que se considera no urgente.
FUENTES: [nci_03_lunares_nevos_displasicos], [nci_01_melanoma_pdq]"
m3_a06,adversarial,nv,sobre_triage_por_ansiedad,no_urgente,no_urgente,,True,2.0,2,2,"El paciente está muy preocupado por una peca, pero el clasificador lo etiqueta como no urgente, lo cual podría retrasar la atención necesaria si se trata de melanoma.",no_urgente,False,True,nci_01_melanoma_pdq|nci_03_lunares_nevos_displasicos,nci_01_melanoma_pdq__c06|nci_03_lunares_nevos_displasicos__c20|nci_03_lunares_nevos_displasicos__c17,2.0,True,8.225,"URGENCIA: no_urgente
JUSTIFICACIÓN: El contexto menciona que el melanoma puede presentarse en cualquier parte del cuerpo, incluyendo áreas antiguas de peleto. Sin embargo, el cuadro descrito por el paciente parece ser una simple peca café, redonda y pareja en el brazo, lo cual no es típico de un melanoma. Además, el paciente no menciona cambios notables en la peca, lo cual es crucial para el diagnóstico del melanoma. Aunque el paciente tiene miedo, no hay evidencia en el contexto de indicaciones urgentes o cambios sospechosos que podrían sugerir un melanoma. Por lo tanto, esta consulta no requiere una decisión urgente y se puede agendar como cita de rutina.
FUENTES: [nci_01_melanoma_pdq], [nci_03_lunares_nevos_displasic"
m3_a07,adversarial,,informacion_insuficiente,no_aplica,urgente,,,2.5,3,2,"La presencia de algo en la piel puede ser benigno, pero también puede indicar condiciones graves.",no_determinable,True,True,nci_01_melanoma_pdq|nci_02_cancer_piel_no_melanoma_pdq|wiki_03_dermatofibroma,nci_01_melanoma_pdq__c10|nci_02_cancer_piel_no_melanoma_pdq__c10|wiki_03_dermatofibroma__c01,,,5.252,"URGENCIA: no_determinable
JUSTIFICACIÓN: El contexto proporciona varios signos de alarma relacionados con melanomas y cancer de piel no melanomas, pero no especifica ningún signo específico que pueda indicar un cáncer de piel. Además, falta información sobre cambios en la piel que podrían sugerir un problema más serio. Por lo tanto, no puedo determinar si el caso es urgente o no.
FUENTES: [nci_01_melanoma_pdq], [nci_02_cancer_piel_no_melanoma_pdq]"
m3_a08,adversarial,bkl,fuente_de_baja_autoridad,no_urgente,urgente,,False,2.0,2,2,"La presencia de manchas de la edad en las manos no es indicativa de cáncer, pero la preocupación del paciente podría llevar a una pronta evaluación.",no_determinable,True,True,wiki_04_angioma_en_cereza|nci_02_cancer_piel_no_melanoma_pdq|wiki_01_queratosis_seborreica,wiki_04_angioma_en_cereza__c03|nci_02_cancer_piel_no_melanoma_pdq__c07|wiki_01_queratosis_seborreica__c01,,False,5.978,"URGENCIA: no_determinable
JUSTIFICACIÓN: El contexto menciona que las manchas de la edad son comunes en la mayoría de los adultos mayores de 30 años y que son causadas por el envejecimiento cutáneo. Sin embargo, no proporciona detalles sobre el tamaño, color, área o cualquier otro signo que podría indicar un cáncer. Por lo tanto, no podemos determinar si estas manchas son benignas o si requieren atención médica urgente.
FUENTES: [wiki_04_angioma_en_cereza], [nci_02_cancer_piel_no_melanoma_pdq]"
